name,price,old_price,rating,shipped
GATWIGA 3 IN 1 Bag Set Pencil/Crossbody/Laptop Backpack,"₦ 7,500","₦ 15,999",53%,
GATWIGA 3 IN 1 Bag Set Pencil/Crossbody/Laptop Backpack Grey,"₦ 6,752","₦ 15,999",58%,
Backpack Casual Laptop School Bag,"₦ 6,465","₦ 12,900",50%,
EILIFINTE Quality 3 IN 1 Bag Set Pencil/Chest Bag/Laptop Backpack Grey,"₦ 7,659","₦ 21,800",65%,
EILIFINTE B06 Casual Crossbody Shoulder Chest Bag-Grey,"₦ 1,838","₦ 6,800",73%,
Men Bags Backpacks School Bags Laptop Bags Bookbags Satchel,"₦ 10,190","₦ 19,990",49%,
Men Bags Backpacks School Bags Laptop Bags Bookbags Satchel- Grey,"₦ 8,490","₦ 9,990",15%,
EILIFINTE B07 Anti Theft Business Laptop Backpack-Black&Grey,"₦ 8,480","₦ 13,800",39%,
EILIFINTE B12 Ladies High Quality PU Shoulder Handbag -Black,"₦ 5,809","₦ 12,800",55%,
Mythco Set 5 Backpack Bags For Student Pencil Case Tote Canvas,"₦ 10,920","₦ 24,000",55%,
GATWIGA Casual Shoulder Sports Sling Crossbody Bag - Free Size,"₦ 2,497","₦ 7,500",67%,
Ladies Casual Backpack Women Bags School Waterproof Portable Female Travel,"₦ 11,428","₦ 15,612",27%,
Ladies Comfortable Polyester Casual Backpack Bag - Black,"₦ 24,999",,,
EILIFINTE B05 PU Fabric Crossbody Chest Shoulder Bag-Brown,"₦ 2,016","₦ 7,800",74%,
(Black)17 3 Inch Laptop Backpack Expandable Men's Waterproof Notebook USB Charging Sports Travel Bag Pack Backpacks For Men  Notebooks BAA,"₦ 80,869","₦ 101,086",20%,Shipped from abroad
MeiJieLuo Men Casual Outdoor Travel Crossbody Bag With USB Port,"₦ 2,290","₦ 7,500",69%,
3 In1 Multi Functional School Backpack With USB Slot-Black,"₦ 9,590","₦ 11,990",20%,
4 In 1 Back To School Baby Diapers Bag With Flask,"₦ 18,500",,,
EILIFINTE B08 Unisex Sports Waist Pack Chest Bag-Dark Grey,"₦ 1,838","₦ 8,500",78%,
Bro Toumi Multi Functional High-capacity School Backpack - Black,"₦ 8,874","₦ 13,990",37%,
Womens Fashion Printed Rucksack Backpack Bag,"₦ 5,699","₦ 10,500",46%,
EILIFINTE B09 Unisex Outdoor Waist Pack Chest Bag-Grey&Red,"₦ 1,838","₦ 8,800",79%,
PU Fabric Casual Shoulder Bag Chest Bag Crossbody Bag,"₦ 2,121","₦ 8,999",76%,
Ladies Backpack Bag Small Cute Leather Bags For Girls Cat,"₦ 11,093","₦ 14,587",24%,Shipped from abroad
Women Bags Ladies Bags Handbags Purse Sling Bags,"₦ 5,814","₦ 9,999",42%,
Casual  Shoulder Sports Sling Bag Chest Bag Crossbody Bag,"₦ 2,460","₦ 9,500",74%,
Ladies Comfortable Polyester Casual Backpack Bag - Red,"₦ 24,900",,,
Women High Quality Fashion Soft Leather Backpack Bag,"₦ 28,750",,,
Women Mini Backpack Ladies Leather Bag For Girls,"₦ 11,383","₦ 15,971",29%,Shipped from abroad
4 In 1 Multi Functional School Backpack With USB Slot -Black,"₦ 12,990","₦ 19,990",35%,
Defacto Woman Casual Bag - Black,"₦ 12,201","₦ 34,324",64%,
Defacto Woman Casual Bag - White,"₦ 10,333","₦ 30,031",66%,
Women Small Crossbody Bag Leather Hand Bag For Ladies Mobile Bags Black,"₦ 9,354","₦ 13,814",32%,Shipped from abroad
Defacto Woman Bag - Beige,"₦ 24,954","₦ 50,007",50%,
Business Laptop Bag Large Capacity Casual Bag-Black,"₦ 8,433","₦ 11,650",28%,
5 In 1 Multi Functional School Backpack-ME-Black,"₦ 8,990","₦ 11,990",25%,
4 In 1 Multi Functional School Backpack With USB Slot - Grey,"₦ 12,990","₦ 19,990",35%,
Woman Square Solid Tassel Large Messenger Handbag - Black,"₦ 16,149","₦ 22,000",27%,
Ladies Comfortable Polyester Casual Backpack Bag - Beige,"₦ 20,999",,,
(Black)Butterfly Pattern Korean Version University Student Backpack Girls' Nylon Bag Without P BAA,"₦ 34,928","₦ 43,660",20%,Shipped from abroad
 black College School Bag Men Rucksack  Big Backpack Winter Lovers vel Bagpack Women Laptop  for Teenager Bookbag,"₦ 55,561","₦ 95,190",42%,Shipped from abroad
EILIFINTE B09 Unisex Outdoor Waist Pack Chest Bag-Grey&Red,"₦ 1,838","₦ 8,800",79%,
Sanrio Cinnamoroll Aesthetic Bags Korean Style Mini Backpack Women  Handbags Commuter Shoulder Bag Y2k Cute Schoolbag,"₦ 54,809","₦ 93,520",41%,Shipped from abroad
Backpack  Leather Women's Backpacks Ladies Girl's School Bag Top Layer Cowhide Mochila,"₦ 108,634","₦ 187,040",42%,Shipped from abroad
Business Laptop Bag Large Capacity Casual Bag-Black,"₦ 8,433","₦ 11,650",28%,
Woman Square Solid Tassel Large Messenger Handbag - Black,"₦ 14,381","₦ 22,000",35%,
(Khaki)New Solid Color Simple Student Backpack Ladies Laptop Bag Commuting Multi-Functional La BAA,"₦ 74,366","₦ 92,076",19%,Shipped from abroad
Backpack School Backpack Laptop School Travel Shoulder Bag,"₦ 28,314","₦ 46,440",39%,Shipped from abroad
Mythco Waterproof Travel Bag Multipurpose Backpack Shoulder Gym Bag,"₦ 11,552","₦ 23,938",52%,
Women's Mini Backpack PU Leather Cute Graceful Bagpack,"₦ 23,000",,,Shipped from abroad
USB Charging Backpacks Set Shoulder Bags,"₦ 11,969","₦ 20,222",41%,
 printing Large Female Cute College Backpack Girl vel Book Backpack Nylon  Ladies Leisure Bag Women Laptop Men School Bags,"₦ 55,811","₦ 95,190",41%,Shipped from abroad
apricot color Female  Leisure Backpack Nylon vel Bag Schoolbag Computer Bag Drop And Shockproof Portable For 15.6 Laptop Backpacks,"₦ 70,290","₦ 120,240",42%,Shipped from abroad
Luxury Edition DuffleTravel Luggage Designer Women Crossbody Totes Delicate Cowhide Handbags,"₦ 88,768","₦ 143,500",38%,
Cute Bunny Pattern Student School Bag Adorable Rabbit Girl Bookbag for Teenager Women East Bunny Knapsack Daybag Laptop Backpack,"₦ 56,780","₦ 96,860",41%,Shipped from abroad
Anti Theft Backpack Women Leather Bagpack Men Mochila Masculina Women Bag,"₦ 15,400","₦ 25,700",40%,Shipped from abroad
(Red)Men Stylish Backpack USB Charging School Backpack 15.6 Inch Laptop Backpack Male Book Bag BAA,"₦ 34,410","₦ 43,013",20%,Shipped from abroad
Balida Womens Fashion Backpack School Bag Handbag Bag Peach,"₦ 25,500","₦ 28,000",9%,
Type 25 Tree Of Life With Trique Brown Crossbody Chest Bag Men Casual for Hiking Cross Chest Bag Viking Norse Diagonally,"₦ 52,338","₦ 90,180",42%,Shipped from abroad
 Ladies Canvas Vintage Girl Leisure Drawstring Book Bag Female Brown Laptop College Backpack Women vel School Bag  Cool,"₦ 52,371","₦ 90,180",42%,Shipped from abroad
Ladies Hand Bag Tote Bag PU Leather Shoulder Bag Chain Crossbody Bag For Women,"₦ 11,374","₦ 20,358",44%,Shipped from abroad
 Women Backpack Large Capacity Real  Leather Backpacks Double Shoulder Bag Ladies vel Bags Daily Bagpack,"₦ 134,936","₦ 232,130",42%,Shipped from abroad
(Small Pink)Backpack Waterproof Transparent School Bag Girl Large Capacity Backpack Solid Clea BAA,"₦ 34,669","₦ 43,336",20%,Shipped from abroad
Ladies High Capacity Backpack Canvas School Bag For Girls Women Backpacks Black,"₦ 10,740","₦ 18,228",41%,Shipped from abroad
Men's Casual Backpack With USB Charging Port Anti-Theft Hard,"₦ 40,057","₦ 48,429",17%,Shipped from abroad
Ladies Portable Mini Hand Bag Leather Crossbody Bag,"₦ 11,608","₦ 14,893",22%,Shipped from abroad
Classic Macbook Pu Leather Bag/Business Briefcase/Office Bag,"₦ 24,697","₦ 33,400",26%,
grey  no expand 2023 40LExpandable USB vel Backpack  Flight Approved Carry on Bags for  Water Resistant ble 17 inch backpack men,"₦ 87,541","₦ 150,300",42%,Shipped from abroad
 Lady High Capacity Backpack Simplicity Women’s Laptop School Bags Cute Girl vel Bags Multifunctional Shoulder Bag,"₦ 60,254","₦ 103,540",42%,Shipped from abroad
Ladies Backpack Bag Small Leather Bags For Girls Women Red,"₦ 7,572","₦ 10,392",27%,Shipped from abroad
NEW Casual Shoulder Sports Sling Chest Bag Crossbody-BLACK,"₦ 3,538","₦ 5,000",29%,
BTS youth group with the same paragraph casual Oxford cloth backpack school bag college students color pack,"₦ 563,355","₦ 939,006",40%,Shipped from abroad
Defacto Woman Casual Bag  Black,"₦ 36,167","₦ 68,715",47%,Shipped from abroad
(large)Shoulder Bag Men Leather Casual Multifunctional Vertical Casual Messenger Bag Male Trendy Th,"₦ 111,151","₦ 138,939",20%,Shipped from abroad
Women Backpack Female's Canvas School Bags Travel Bag,"₦ 29,364","₦ 48,165",39%,Shipped from abroad
Capoverso Women Genuine Leather Clutch Chain Tote Purse Small Messenger - White,"₦ 19,900","₦ 55,000",64%,
f-chess14zm Chess Player Game Print Backpack for Teenager Cute Chess Children School Bag Checkmate Rucksack Daypack Laptop Backpack Bookbag,"₦ 58,584","₦ 100,200",42%,Shipped from abroad
(B)China Yunnan Ethnic Embroidery Backpack Retro Floral Embroidered Ladies Rucksack Embroidere BAA,"₦ 57,606","₦ 65,978",13%,Shipped from abroad
Baby Diaper Bag Backpack Mommy Pregnant Bag Large Capacity Baby Diaper Package vel Backpack Mom feeding Stroller Bag,"₦ 76,770","₦ 131,930",42%,Shipped from abroad
Canvas-Drawstring Backpack Tote Simple Style String Bag,"₦ 12,653","₦ 24,480",48%,Shipped from abroad
Men's Casual Backpack With USB Charging Port Anti-Theft Hard,"₦ 40,057","₦ 48,429",17%,Shipped from abroad
Jansport Main Campus Backpack - Pastel Lilac,"₦ 32,500",,,
Jansport Metro Sling Pack - Black,"₦ 14,300",,,
Ladies Backpack Bag Small Leather Bags For Girls Women Gray,"₦ 10,755","₦ 17,243",38%,Shipped from abroad
Defacto Woman Casual Bag - Black,"₦ 7,237","₦ 22,655",68%,
Jansport Half Pint Mini Backpack - 8 Bit Floral,"₦ 10,200",,,
USB Charging Backpacks Set Shoulder Bags,"₦ 11,969","₦ 20,222",41%,
Ladies Backpack Bag Small Leather Bags For Girls Women Pink,"₦ 10,224","₦ 13,943",27%,Shipped from abroad
Defacto Woman Casual Bag - Pink,"₦ 10,243","₦ 31,628",68%,
Ladies Backpack Bag Small Leather Bags For Girls Women Black,"₦ 11,560","₦ 18,129",36%,Shipped from abroad
Ladies Backpack Bag Small Leather Bags For Girls Women Pink,"₦ 11,560","₦ 18,129",36%,
Defacto Woman Casual Bag - Orange,"₦ 11,322","₦ 23,184",51%,
Defacto Woman Casual Bag - Karma,"₦ 10,622","₦ 31,628",66%,
Women's Fashion Shoulder Bag Crossbody Bag,"₦ 5,990","₦ 9,980",40%,
Defacto Woman Casual Bag - Pink,"₦ 10,900","₦ 30,500",64%,
Ladies Backpack Bag Small Leather Bags For Girls Women Red,"₦ 10,224","₦ 13,943",27%,
Defacto Woman BackPack -Black,"₦ 8,510","₦ 27,667",69%,
Women's PU Leather Shoulder Mini Small Backpack,"₦ 11,999","₦ 14,999 - ₦ 16,999",29%,Shipped from abroad
Ladies Backpack Bag Small Leather Bags For Girls Women White,"₦ 11,512","₦ 18,129",36%,Shipped from abroad
Ladies Comfortable Polyester Casual Backpack Bag,"₦ 28,950",,,
EILIFINTE B09 Unisex Outdoor Waist Pack Chest Bag-Grey&Red,"₦ 1,838","₦ 8,800",79%,
Folding Travel Bag Waterproof Bags Handbags,"₦ 3,990","₦ 6,330",37%,
Women Bags Ladies Bags Handbags Purse Sling Bags,"₦ 5,814","₦ 9,999",42%,
Unisex Messenger Crossbody Chest Bag,"₦ 2,312","₦ 3,250",29%,
Ladies Tote Bag Knitted Fabric Women Handbag - Black,"₦ 5,999","₦ 9,000",33%,
EILIFINTE B07 Anti Theft Business Laptop Backpack-Black&Grey,"₦ 8,480","₦ 13,800",39%,
Mythco Set 5 Backpack Bags For Student Pencil Case Tote Canvas,"₦ 10,920","₦ 24,000",55%,
Ladies Tote Bag Knitted Fabric Women Handbag - Coffee Brown,"₦ 5,459","₦ 9,000",39%,
Women Shopping Bag Casual Shoulder Bag Canvas Bag Handbag,"₦ 4,565","₦ 7,824",42%,
Ladies Canvas Tote Bag Cotton Shopping Bags,"₦ 3,053","₦ 8,800",65%,
NEW Casual Shoulder Sports Sling Chest Bag Crossbody-BLACK,"₦ 3,538","₦ 5,000",29%,
NEW Casual Shoulder Sports Sling Chest Bag Crossbody-Gray,"₦ 3,008","₦ 4,207",29%,
4 Piece Multifunctional Shoulder Bag - Black,"₦ 9,509","₦ 16,463",42%,
2 In 1 Women Handbag Ladies Tote Bags,"₦ 15,059","₦ 25,955",42%,
Woman Square Solid Tassel Large Messenger Handbag - Black,"₦ 16,149","₦ 22,000",27%,
4PCS 60*43*35CM 90L Foldable Clothes Storage Bag Organizer,"₦ 14,960","₦ 29,920",50%,
Laptop Sleeve Case 15.6 Inches Shoulder Messenger Bag,"₦ 9,690","₦ 15,755",38%,
Classic Macbook Pu Leather Bag/Business Briefcase/Office Bag,"₦ 24,697","₦ 33,400",26%,
Women's Shoulder Bag Shopping Bag Canvas Bag,"₦ 4,440","₦ 5,000",11%,
Ladies Canvas Tote Bag Cotton Shopping Bags,"₦ 3,053","₦ 8,800",65%,
Picnic Lunch Bags For Gender,"₦ 13,999",,,
Foldable Washable Laundry Bag. 1Pc,"₦ 8,500",,,
Ladies Comfortable Polyester Casual Backpack Bag - Beige,"₦ 20,999",,,
Baby Diaper Multifunction Bag With Pockets For TraveL,"₦ 20,700",,,
Foldable Washable Laundry Bag - Royal Blue With Flowers,"₦ 5,999",,,
"Unisex School Bag Bookbag For Students, Backpack","₦ 12,900","₦ 28,000",54%,
Unique Spiderman Unisex Lunch Bag With Carrier Handles,"₦ 9,500","₦ 10,500",10%,
Waterproof  Unisex Smart USB Laptop School Bag Backpack,"₦ 22,950",,,
Slim Laptop Messenger Shoulder Pouch Sleeve Case Bag 13 Inches (Black),"₦ 18,500","₦ 20,500",10%,
Luxury PU Leather Large Capacity Briefcase Bag/Laptop Bag,"₦ 27,800","₦ 31,000",10%,
Cosmetic Storage Bag Travel Bag Make Up Organizer,"₦ 6,844","₦ 10,900",37%,
Unisex Waist Bag,"₦ 5,999",,,
"Baby Diaper  Bag With Convertible Foldable Baby Bed With Pockets For Travel,","₦ 20,800",,,
Leather 15 Inches Laptop Bag For Men  Briefcase Handbag Black,"₦ 38,300","₦ 45,000",15%,
Sofa Holder,"₦ 4,999","₦ 7,999",38%,
Piroes Quality Tapeter Lunch Bag For Children And Adults (Red),"₦ 12,000","₦ 15,000",20%,
(large)Shoulder Bag Men Leather Casual Multifunctional Vertical Casual Messenger Bag Male Trendy Th,"₦ 111,151","₦ 138,939",20%,Shipped from abroad
Waterproof Phone Pouch - Universal Case For All Smartphones.,"₦ 7,800","₦ 9,500",18%,
Large Capacity Foldable Travel Storage Bag-3 Sizes,"₦ 22,920",,,
"High Quality Anti Theft Office, Laptop, School Backpack Bag With USB Charging Port","₦ 22,950",,,
"High Quality Anti Theft Office, Laptop, School Backpack Bag With USB Charging Port","₦ 22,950",,,
Ladies Comfortable Polyester Casual Backpack Bag - Red,"₦ 24,900",,,
Executive Brown Laptop Bag,"₦ 33,250","₦ 45,000",26%,
Laundry Basket D Large Hamper Foldable Bag For Dirty Clothes,"₦ 10,000",,,
Baby Diaper  Bag With Convertible Foldable Baby Bed With Pockets For Travel,"₦ 21,500",,,
Large Capacity Foldable Travel Duffel Bag Lightweight,"₦ 18,000","₦ 28,000",36%,
Women Tote 2pcs Fashion PU Metal Chain Handbag - Brown,"₦ 11,875","₦ 15,000",21%,
Cute Ladies Bag - Brown Suede Leather,"₦ 9,890",,,
Black Large Capacity Executive Fashion Laptop Bag,"₦ 31,350","₦ 60,000",48%,
Velvet Drawstring Backpack,"₦ 5,500",,,
Jeep Buluo BROWN WATERPROOF LAPTOP BAG,"₦ 32,000","₦ 35,000",9%,
Bedsheet Holder,"₦ 4,999","₦ 7,999",38%,
New High Quality Custom Leather Briefcase Laptop Bag,"₦ 33,250","₦ 45,000",26%,
Portable Shockproof Hard Case For JBL Charge 5,"₦ 31,100","₦ 44,428",30%,Shipped from abroad
Pyramid Crystal Transparent Ornaments,"₦ 7,999",,,
NEW Multifunctional Baby Diaper  Bag With Bed And Multiple Pockets,"₦ 20,500",,,
Top Quality Men Large Capacity Business Briefcase Bag/Laptop Bag,"₦ 27,800","₦ 34,900",20%,
10 PCS Elegant Kraft Paper Bag With Handles,"₦ 11,630","₦ 16,614",30%,Shipped from abroad
Women High Quality Fashion Soft Leather Backpack Bag,"₦ 28,750",,,
Packaging Material  Shrink Wrap Stretch Plastic Film 500cm*100cm - 5kg,"₦ 20,999","₦ 23,500",11%,
Laundry Basket D Large Hamper Foldable Bag For Dirty Clothes,"₦ 14,999",,,
Laundry Basket D Large Hamper Foldable Bag For Dirty Clothes,"₦ 14,230",,,
Laundry Basket D Large Hamper Foldable Bag For Dirty Clothes,"₦ 8,999",,,
Laundry Basket D Large Hamper Foldable Bag For Dirty Clothes,"₦ 9,500",,,
Laundry Basket D Large Hamper Foldable Bag For Dirty Clothes,"₦ 9,900",,,
Laundry Basket D Large Hamper Foldable - 2Pcs,"₦ 34,999",,,
"High Quality Anti Theft Office, Laptop, School Backpack Bag With USB Charging Port","₦ 22,950",,,
Motorcycle Saddlebag Cycling Side Bag Universal Rear,"₦ 82,911","₦ 107,785",23%,Shipped from abroad
Bedsheet Holder,"₦ 4,999","₦ 7,999",38%,
NEW Multifunctional Baby Diaper  Bag With Bed And Multiple Pockets,"₦ 20,500",,,
Laundry Basket D Large Hamper Foldable Bag For Dirty Clothes,"₦ 10,400",,,
Ladies Comfortable Polyester Casual Backpack Bag - Red,"₦ 24,900",,,
Women's Shoulder Bag Shopping Bag Canvas Bag,"₦ 4,440","₦ 5,000",11%,
Women High Quality Fashion Soft Leather Backpack Bag,"₦ 28,750",,,
Women Shopping Bag Casual Shoulder Bag Canvas Bag Handbag,"₦ 4,565","₦ 7,824",42%,
Laundry Basket D Large Hamper Foldable Bag For Dirty Clothes,"₦ 8,900",,,
School Wheeled Backpack Set Trolley Bag Backpack Bags,"₦ 74,160","₦ 148,740",50%,Shipped from abroad
Luxury Edition DuffleTravel Luggage Designer Women Crossbody Totes Delicate Cowhide Handbags,"₦ 88,768","₦ 143,500",38%,
HAWEEL 15 inch Laptop Sleeve Case Zipper Briefcase Bag,"₦ 28,980","₦ 57,960",50%,Shipped from abroad
Casual Shoulder Sports Sling Bag Chest Bag Crossbody Bag,"₦ 7,335","₦ 11,760",38%,Shipped from abroad
Unisex Waist Bag,"₦ 5,800",,,
Women Purses Handbags Handle Shoulder Crossbody Bags,"₦ 27,326","₦ 51,913",47%,Shipped from abroad
School Bags Children Primary School Backpack Set Bookbags,"₦ 40,923","₦ 61,385",33%,Shipped from abroad
Garbage Waste Bin Bag Pack X 2Packs,"₦ 8,000",,,
4 In 1 Pcs Sets Nylon Waterproof Women Backpack Kawaii School Bag For Teenage Girls Large Capacity,"₦ 44,268","₦ 57,624",23%,Shipped from abroad
Cosmetics And Jewelry Organizer Box,"₦ 7,500","₦ 10,000",25%,
Chic Pearl-Embellished Crossbody Bag &ndash Stylish Colorblock PU Leather Shoulder Bag For Women,"₦ 5,277","₦ 7,850",33%,Shipped from abroad
2021 3pcs Set Men Briefcase Leather Male Business Office Bags Men's Briefcase High Quality Black Brown Laptop Briefcase,"₦ 43,452","₦ 86,904",50%,Shipped from abroad
3 Size Drawstring Bra Underwear Socks Foldable Mesh Laundry,"₦ 20,900","₦ 36,034",42%,Shipped from abroad
Adjustable Violin Chin Shoulder Rest Pad Size 3/4 4/4,"₦ 5,400","₦ 10,166",47%,Shipped from abroad
Maiwo 2.5 Inch Hard Disk Box ,"₦ 9,534",,,Shipped from abroad
Children Safety Gate Baby Protection Security Steel Core Y Shaped Screw Bolt Nut Staircase Fence,"₦ 14,999","₦ 16,880",11%,
Men Waist Bag Sports Chest Bag Leather Crossbody Bag,"₦ 8,918","₦ 12,592",29%,Shipped from abroad
Everlast Giant Size Punching Bag + Boxing Gloves,"₦ 49,999",,,
Foldable Recycle Shopping Bag Flower Travel Shoulder Grocery Bags Eco Reusable Floral Fruit Vegetable Storage Tote Handbag,"₦ 40,662 - ₦ 41,780","₦ 67,780 - ₦ 69,643",40%,Shipped from abroad
"Coosybo 13"" Air Case, Hard Matte Cover For 12"" Macbook 11 Air 13.3 Pro 15 Retina Touchbar","₦ 7,309 - ₦ 10,879","₦ 14,618 - ₦ 21,758",50%,Shipped from abroad
Baby Bag Pink Butterfly Kindergarten School Bag 2024.,"₦ 12,000",,,
Bange Cheap Backpack School Laptop Bag,"₦ 26,000",,,
4set School Backpacks Canvas Teenagers Student Book Bag,"₦ 40,793","₦ 61,190",33%,Shipped from abroad
"High Quality Anti Theft Office, Laptop, School Backpack Bag With USB Charging Port","₦ 27,900",,,
